{
  "tags": [
    {"id": 1, "tag": "beauty"},
    {"id": 2, "tag": "makeup"},
    {"id": 3, "tag": "skincare"},
    {"id": 4, "tag": "transformation"},
    {"id": 5, "tag": "playtime"},
    {"id": 6, "tag": "toys"},
    {"id": 7, "tag": "parenting"},
    {"id": 8, "tag": "kids"},
    {"id": 9, "tag": "fitness"},
    {"id": 10, "tag": "health"},
    {"id": 11, "tag": "workout"},
    {"id": 12, "tag": "challenge"},
    {"id": 13, "tag": "design"},
    {"id": 14, "tag": "decor"},
    {"id": 15, "tag": "makeover"},
    {"id": 16, "tag": "interior"},
    {"id": 17, "tag": "cozy"},
    {"id": 18, "tag": "exploration"},
    {"id": 19, "tag": "escape"},
    {"id": 20, "tag": "adventure"},
    {"id": 21, "tag": "travel"},
    {"id": 22, "tag": "style"},
    {"id": 23, "tag": "fashion"},
    {"id": 24, "tag": "trend"},
    {"id": 25, "tag": "lookbook"},
    {"id": 26, "tag": "progress"},
    {"id": 27, "tag": "tips"},
    {"id": 28, "tag": "healthy"},
    {"id": 29, "tag": "food"},
    {"id": 30, "tag": "recipes"},
    {"id": 31, "tag": "sustainability"}
  ]
}
