[
    {
      "id": 1,
      "offerName": "Graceful Glow-Up",
      "endDate": "May 15, 2023",
      "palces": 50,
      "filled": 40
    },
    {
      "id": 2,
      "offerName": "Beauty by Grace X Fitness Influencers",
      "endDate": "June 30, 2023",
      "palces": 200,
      "filled": 50
    },
    {
      "id": 3,
      "offerName": "Back-to-School Beauty Routine",
      "endDate": "July 31, 2023",
      "palces": 120,
      "filled": 8
    },
    {
      "id": 4,
      "offerName": "Summer Skincare Essentials",
      "endDate": "June 30, 2024",
      "palces": 80,
      "filled": 28
    },
    {
      "id": 5,
      "offerName": "The Ultimate Self-Care Routine",
      "endDate": "April 30, 2024",
      "palces": 60,
      "filled": 10
    },
    {
      "id": 6,
      "offerName": "Radiant Skin Challenge",
      "endDate": "March 31, 2024",
      "palces": 25,
      "filled": 3
    },
    {
      "id": 7,
      "offerName": "Bold Lip Look",
      "endDate": "January 31, 2024",
      "palces": 30,
      "filled": 12
    }
]
